razil,26910,50.55
does,26940,50.6
known,27150,51.0
hristians,27292,51.27
hinas,27376,51.42
companies,27485,51.63
uropean,27512,51.68
ussian,27618,51.88
plans,27748,52.12
epublican,27826,52.27
l,27977,52.55
apan,28077,52.74
already,28102,52.79
ussia,28274,53.11
ritain,28370,53.29
emerging,28394,53.34
making,28442,53.43
rump,28466,53.47
ne,28490,53.52
women,28538,53.61
iddle,28722,53.95
cuts,28768,54.04
leaders,28860,54.21
investors,28992,54.46
ongress,29036,54.54
visas,29058,54.58
ndia,29190,54.83
higher,29256,54.96
increased,29277,54.99
countrys,29298,55.03
towards,29361,55.15
used,29382,55.19
children,29487,55.39
y,29569,55.54
policies,29589,55.58
states,29609,55.62
including,29669,55.73
ven,29847,56.07
nited,29961,56.28
relations,29980,56.32
estern,30018,56.39
ones,30113,56.57
ow,30151,56.64
called,30189,56.71
niversity,30351,57.01
rights,30423,57.15
points,30459,57.22
did,30495,57.28
ousseff,30585,57.45
tates,30603,57.49
biggest,30621,57.52
hristmas,30639,57.55
hristian,30657,57.59
ost,30726,57.72
decades,30743,57.75
led,30777,57.81
erman,30828,57.91
media,30845,57.94
economies,30896,58.04
ndian,31014,58.26
came,31030,58.29
places,31078,58.38
travellers,31094,58.41
mericans,31126,58.47
held,31142,58.5
ritains,31158,58.53
times,31254,58.71
expected,31286,58.77
groups,31302,58.8
became,31318,58.83
ush,31334,58.86
obel,31350,58.89
things,31380,58.95
internet,31410,59.0
jobs,31425,59.03
ay,31455,59.09
fter,31485,59.14
banks,31590,59.34
based,31620,59.4
ovember,31680,59.51
students,31695,59.54
services,31725,59.59
elections,31740,59.62
days,31755,59.65
seems,31800,59.73
doors,31857,59.84
ong,31871,59.87
anti,31885,59.89
parties,31899,59.92
ar,31913,59.95
terms,31941,60.0
ed,31969,60.05
began,32011,60.13
todays,32025,60.16
went,32039,60.18
members,32081,60.26
others,32095,60.29
uchanan,32123,60.34
raq,32137,60.37
longer,32151,60.39
ermany,32221,60.52
worlds,32235,60.55
kraine,32274,60.62
audi,32313,60.7
co,32339,60.75
onald,32352,60.77
fiscal,32365,60.8
online,32443,60.94
officers,32469,60.99
politicians,32508,61.06
hese,32547,61.14
reforms,32560,61.16
entral,32586,61.21
seen,32599,61.23
orea,32612,61.26
nstitute,32625,61.28
ork,32651,61.33
u,32690,61.41
businesses,32729,61.48
officials,32742,61.5
est,32755,61.53
given,32807,61.63
ank,32820,61.65
looks,32846,61.7
sian,32859,61.72
candidates,32872,61.75
largest,32898,61.8
hough,32936,61.87
raised,32948,61.89
wants,32996,61.98
ocial,33032,62.05
failed,33044,62.07
neighbours,33080,62.14
non,33092,62.16
comes,33104,62.18
coalition,33140,62.25
lobal,33176,62.32
parts,33224,62.41
orth,33236,62.43
men,33248,62.45
give,33272,62.5
growing,33308,62.57
backed,33368,62.68
done,33380,62.7
industries,33440,62.81
took,33476,62.88
ran,33488,62.9
efforts,33524,62.97
reckons,33536,62.99
problems,33572,63.06
sia,33608,63.13
tech,33698,63.3
allowed,33720,63.34
amnesty,33731,63.36
ts,33775,63.44
indicators,33885,63.65
soldiers,33918,63.71
won,33929,63.73
refugees,33940,63.75
conomic,33973,63.82
alvador,33995,63.86
ussias,34017,63.9
paid,34039,63.94
arts,34050,63.96
arty,34061,63.98
talks,34105,64.06
helped,34138,64.13
hailands,34149,64.15
faces,34182,64.21
betting,34193,64.23
calls,34204,64.25
earners,34215,64.27
programme,34226,64.29
fallen,34237,64.31
ietnam,34248,64.33
suggests,34270,64.37
agencies,34303,64.44
acific,34325,64.48
falling,34397,64.61
going,34417,64.65
ational,34427,64.67
rabia,34477,64.76
makes,34527,64.86
uch,34547,64.89
uslims,34557,64.91
apanese,34577,64.95
ratt,34587,64.97
engines,34597,64.99
migrants,34617,65.03
managers,34627,65.04
cannot,34647,65.08
rules,34667,65.12
conditions,34697,65.18
raqi,34727,65.23
profits,34777,65.33
borrowing,34787,65.34
lthough,34797,65.36
edford,34807,65.38
encryption,34817,65.4
founded,34847,65.46
turbofan,34867,65.5
announced,34907,65.57
taking,34927,65.61
proposed,34977,65.7
yria,34987,65.72
frica,34997,65.74
gives,35007,65.76
nternational,35017,65.78
gearbox,35037,65.81
ngland,35067,65.87
mountains,35087,65.91
ather,35097,65.93
larger,35107,65.95
highest,35127,65.98
brought,35145,66.02
revenues,35172,66.07
easier,35190,66.1
needed,35199,66.12
citizens,35217,66.15
working,35253,66.22
turned,35280,66.27
al,35298,66.3
economists,35316,66.34
insurers,35325,66.36
tate,35343,66.39
reat,35352,66.41
having,35379,66.46
commodities,35415,66.52
created,35442,66.58
wo,35460,66.61
launched,35469,66.63
becoming,35487,66.66
constitutional,35514,66.71
taken,35532,66.74
budgets,35541,66.76
grew,35559,66.8
owever,35568,66.81
atin,35631,66.93
eptember,35694,67.05
ozote,35730,67.12
published,35739,67.13
numbers,35748,67.15
needs,35757,67.17
seeking,35766,67.18
funding,35784,67.22
benefits,35793,67.23
giving,35829,67.3
oviet,35847,67.34
applicants,35865,67.37
latest,35874,67.39
rumps,35883,67.4
immigrants,35901,67.44
razilian,35910,67.45
usiness,35937,67.51
panish,35946,67.52
considered,35964,67.56
rising,35973,67.57
bigger,36000,67.62
thiopia,36036,67.69
workers,36054,67.72
ethnic,36063,67.74
pupils,36072,67.76
centre,36090,67.79
planning,36099,67.81
pensions,36142,67.89
schools,36158,67.92
avid,36206,68.01
uddhist,36222,68.04
costs,36238,68.07
thinks,36246,68.09
hours,36286,68.16
rises,36294,68.18
victims,36318,68.22
slamic,36326,68.24
fewer,36342,68.27
ideology,36350,68.28
impeachment,36358,68.3
restrictions,36366,68.31
referendum,36382,68.34
compared,36390,68.36
hitney,36398,68.37
votes,36406,68.39
forced,36422,68.42
de,36430,68.43
mid,36438,68.45
protests,36470,68.51
ctober,36510,68.58
metres,36518,68.6
measures,36526,68.61
ruz,36534,68.63
cahn,36542,68.64
reckoned,36566,68.69
ureower,36582,68.72
judges,36590,68.73
eibo,36598,68.75
claims,36614,68.78
authorities,36622,68.79
suffered,36630,68.81
frican,36646,68.84
anuary,36670,68.88
controlled,36702,68.94
spent,36734,69.0
regions,36742,69.02
lines,36750,69.03
reached,36758,69.05
claimed,36766,69.06
chool,36774,69.08
tourists,36822,69.17
nstead,36830,69.18
ousseffs,36846,69.21
offers,36870,69.26
trillion,36878,69.27
returns,36886,69.29
conomist,36894,69.3
pro,36902,69.32
floods,36918,69.35
ways,36926,69.36
rance,36934,69.38
ark,36950,69.41
moving,36958,69.42
raising,36966,69.44
languages,36974,69.45
thousands,36998,69.5
ince,37014,69.53
fighting,37022,69.54
epublicans,37030,69.56
getting,37038,69.57
manufacturing,37067,69.63
proved,37074,69.64
nder,37095,69.68
polls,37109,69.71
ushs,37116,69.72
ao,37123,69.73
ith,37144,69.77
ront,37151,69.79
weden,37172,69.82
demands,37179,69.84
results,37186,69.85
seemed,37193,69.86
sent,37200,69.88
lowflation,37207,69.89
evy,37214,69.9
odi,37228,69.93
casino,37235,69.94
meant,37242,69.96
partys,37256,69.98
